<?xml version="1.0" encoding="UTF-8" standalone="yes"?>
<addon id="kodi.anifan" name="追新番" version="0.1" provider-name="MHBalthasar">
    <requires>
        <import addon="xbmc.python" version="2.25.0"/>
        <import addon="script.module.routing" version="0.2.0"/>
    </requires>
    <extension point="xbmc.python.pluginsource" library="main.py">
        <provides>video</provides>
    </extension>
    <extension point="xbmc.addon.metadata">
        <summary lang="zh_CN">追新番-自用插件</summary>
        <description lang="zh_CN"></description>
        <language></language>
        <platform>all</platform>
        <license>GPL-3.0</license>
        <forum></forum>
        <website></website>
        <email>zhangfengwei@cafs.ac.cn</email>
	<source>https://hub.xn--gzu630h.xn--kpry57d/mhbalthasar/kodi.anifan.git</source>
        <news></news>
        <disclaimer></disclaimer>
        <assets>
            <icon>resources/icon.png</icon>
            <fanart>resources/fanart.jpg</fanart>
        </assets>
    </extension>
</addon>
